"Nappies Direct","http://www.nappies.co.nz/","http://www.blackpepper.co.nz/images/clients/nappies.png"
"Hallensteins","http://www.hallensteins.com/","http://www.blackpepper.co.nz/images/clients/hallensteins.png"
"Citta Design","http://www.cittadesign.com/","http://www.blackpepper.co.nz/images/clients/citta.png"
"Snkr","https://www.snkr.co.nz/","http://www.blackpepper.co.nz/images/clients/snkr.png"
"Stevens","http://www.stevens.co.nz/","http://www.blackpepper.co.nz/images/clients/stevens.png"
"Cintesi","http://www.cintesi.co.nz/","http://www.blackpepper.co.nz/images/clients/cintesi.png"
"Prouds","http://www.prouds.com.au/","http://www.blackpepper.co.nz/images/clients/prouds.png"
"Pet Post","http://www.petpost.co.nz/","http://www.blackpepper.co.nz/images/clients/petpost.png"
"Pagani","http://www.pagani.co.nz/","http://www.blackpepper.co.nz/images/clients/pagani.png"
"ToyCo","http://www.toyco.co.nz/","http://www.blackpepper.co.nz/images/clients/toyco.png"
"Karen Walker","http://www.karenwalker.com/","http://www.blackpepper.co.nz/images/clients/kw.png"
"Hannahs","http://www.hannahs.co.nz/","http://www.blackpepper.co.nz/images/clients/hannahs.png"
"Shoe Connection","https://www.shoeconnection.co.nz/","http://www.blackpepper.co.nz/images/clients/shoeConnection.png"
"Merchant","http://www.merchant1948.co.nz/","http://www.blackpepper.co.nz/images/clients/merchant.png"
"Ballantynes","https://www.ballantynes.co.nz/","http://www.blackpepper.co.nz/images/clients/ballantynes.png"
"Fine Wine Delivery Company","http://www.finewinedelivery.co.nz/","http://www.blackpepper.co.nz/images/clients/finewine.png"
"Pascoes","http://www.pascoes.co.nz/","http://www.blackpepper.co.nz/images/clients/pascoes.png"
"Beds R Us","http://www.bedsrus.co.nz/","http://www.blackpepper.co.nz/images/clients/bedsrus.png"
"Mi Piaci","http://www.mipiaci.co.nz/","http://www.blackpepper.co.nz/images/clients/mipiaci.png"
"North Beach","http://www.northbeach.co.nz/","http://www.blackpepper.co.nz/images/clients/northbeach.png"
"Red Rat","http://www.redrat.co.nz/","http://www.blackpepper.co.nz/images/clients/redrat.png"
"Paper Plus","http://www.paperplus.co.nz/","http://www.blackpepper.co.nz/images/clients/pp.png"
"Storm","http://www.stormonline.com/","http://www.blackpepper.co.nz/images/clients/storm.png"
"Number One Shoes","http://www.numberoneshoes.co.nz/","http://www.blackpepper.co.nz/images/clients/nooneshoes.png"
"Hush Puppies","http://www.hushpuppies.co.nz/","http://www.blackpepper.co.nz/images/clients/hushpuppies.png"
"Glassons","http://www.glassons.com/","http://www.blackpepper.co.nz/images/clients/glassons.png"